Time frequency,Categorisation of active substances for harmonised risk indicator,Unit of measure,Geopolitical entity (reporting)\Time,2011.0,2012.0,2013.0,2014.0,2015.0,2016.0,2017.0,2018.0,2019.0,2020.0,2021.0,2022.0
Annual,Group 1 - low-risk active substances,"Index, 2011-2013 average =100","European Union (EU6-1958, EU9-1973, EU10-1981, EU12-1986, EU15-1995, EU25-2004, EU27-2007, EU28-2013, EU27-2020)",43.0,73.0,184.0,358.0,390.0,838.0,697.0,839.0,842.0,1019.0,1339.0,1379.0
Annual,Group 1 - low-risk active substances,"Index, 2011-2013 average =100",European Union - 27 countries (from 2020),45.0,76.0,179.0,344.0,393.0,607.0,677.0,828.0,783.0,1019.0,1339.0,1379.0
Annual,Group 1 - low-risk active substances,"Index, 2011-2013 average =100",European Union - 28 countries (2013-2020),43.0,73.0,184.0,358.0,390.0,838.0,697.0,839.0,842.0,:,:,:
Annual,"Group 1, category A - low-risk micro-organisms","Index, 2011-2013 average =100","European Union (EU6-1958, EU9-1973, EU10-1981, EU12-1986, EU15-1995, EU25-2004, EU27-2007, EU28-2013, EU27-2020)",120.0,92.0,88.0,147.0,128.0,163.0,162.0,227.0,421.0,697.0,586.0,490.0
Annual,"Group 1, category A - low-risk micro-organisms","Index, 2011-2013 average =100",European Union - 27 countries (from 2020),120.0,91.0,89.0,145.0,127.0,163.0,158.0,227.0,420.0,697.0,586.0,490.0
Annual,"Group 1, category A - low-risk micro-organisms","Index, 2011-2013 average =100",European Union - 28 countries (2013-2020),120.0,92.0,88.0,147.0,128.0,163.0,162.0,227.0,421.0,:,:,:
Annual,"Group 1, category B - low-risk chemical active substances","Index, 2011-2013 average =100","European Union (EU6-1958, EU9-1973, EU10-1981, EU12-1986, EU15-1995, EU25-2004, EU27-2007, EU28-2013, EU27-2020)",36.0,71.0,193.0,379.0,416.0,905.0,751.0,900.0,884.0,1053.0,1418.0,1471.0
Annual,"Group 1, category B - low-risk chemical active substances","Index, 2011-2013 average =100",European Union - 27 countries (from 2020),38.0,74.0,188.0,364.0,421.0,654.0,732.0,891.0,821.0,1053.0,1418.0,1471.0
Annual,"Group 1, category B - low-risk chemical active substances","Index, 2011-2013 average =100",European Union - 28 countries (2013-2020),36.0,71.0,193.0,379.0,416.0,905.0,751.0,900.0,884.0,:,:,:
Annual,Group 2 - active substances,"Index, 2011-2013 average =100","European Union (EU6-1958, EU9-1973, EU10-1981, EU12-1986, EU15-1995, EU25-2004, EU27-2007, EU28-2013, EU27-2020)",102.0,98.0,99.0,107.0,105.0,107.0,106.0,109.0,100.0,116.0,118.0,109.0
Annual,Group 2 - active substances,"Index, 2011-2013 average =100",European Union - 27 countries (from 2020),102.0,99.0,100.0,106.0,104.0,108.0,107.0,110.0,99.0,116.0,118.0,109.0
Annual,Group 2 - active substances,"Index, 2011-2013 average =100",European Union - 28 countries (2013-2020),102.0,98.0,99.0,107.0,105.0,107.0,106.0,109.0,100.0,:,:,:
Annual,"Group 2, category C - micro-organisms","Index, 2011-2013 average =100","European Union (EU6-1958, EU9-1973, EU10-1981, EU12-1986, EU15-1995, EU25-2004, EU27-2007, EU28-2013, EU27-2020)",87.0,103.0,110.0,106.0,112.0,128.0,154.0,193.0,232.0,303.0,293.0,391.0
Annual,"Group 2, category C - micro-organisms","Index, 2011-2013 average =100",European Union - 27 countries (from 2020),87.0,102.0,111.0,107.0,112.0,129.0,156.0,195.0,234.0,303.0,293.0,391.0
Annual,"Group 2, category C - micro-organisms","Index, 2011-2013 average =100",European Union - 28 countries (2013-2020),87.0,103.0,110.0,106.0,112.0,128.0,154.0,193.0,232.0,:,:,:
Annual,"Group 2, category D - chemical active substances","Index, 2011-2013 average =100","European Union (EU6-1958, EU9-1973, EU10-1981, EU12-1986, EU15-1995, EU25-2004, EU27-2007, EU28-2013, EU27-2020)",102.0,98.0,99.0,107.0,105.0,107.0,106.0,109.0,100.0,116.0,118.0,103.0
Annual,"Group 2, category D - chemical active substances","Index, 2011-2013 average =100",European Union - 27 countries (from 2020),102.0,99.0,100.0,106.0,104.0,108.0,107.0,110.0,99.0,116.0,118.0,108.0
Annual,"Group 2, category D - chemical active substances","Index, 2011-2013 average =100",European Union - 28 countries (2013-2020),102.0,98.0,99.0,107.0,105.0,107.0,106.0,109.0,100.0,:,:,:
Annual,Group 3 - active substances candidates for substitution,"Index, 2011-2013 average =100","European Union (EU6-1958, EU9-1973, EU10-1981, EU12-1986, EU15-1995, EU25-2004, EU27-2007, EU28-2013, EU27-2020)",103.0,98.0,99.0,103.0,106.0,109.0,104.0,108.0,94.0,91.0,100.0,96.0
Annual,Group 3 - active substances candidates for substitution,"Index, 2011-2013 average =100",European Union - 27 countries (from 2020),101.0,97.0,102.0,105.0,108.0,112.0,106.0,110.0,97.0,91.0,100.0,96.0
Annual,Group 3 - active substances candidates for substitution,"Index, 2011-2013 average =100",European Union - 28 countries (2013-2020),103.0,98.0,99.0,103.0,106.0,109.0,104.0,108.0,94.0,:,:,:
Annual,"Group 3, category E - active substances candidates for substitution not classified as carcinogenic category 1A or 1B and/or toxic for reproduction category 1A or 1B and/or endocrine disruptors","Index, 2011-2013 average =100","European Union (EU6-1958, EU9-1973, EU10-1981, EU12-1986, EU15-1995, EU25-2004, EU27-2007, EU28-2013, EU27-2020)",102.0,98.0,100.0,103.0,106.0,109.0,102.0,105.0,91.0,89.0,97.0,85.0
Annual,"Group 3, category E - active substances candidates for substitution not classified as carcinogenic category 1A or 1B and/or toxic for reproduction category 1A or 1B and/or endocrine disruptors","Index, 2011-2013 average =100",European Union - 27 countries (from 2020),100.0,97.0,103.0,105.0,107.0,112.0,104.0,107.0,94.0,89.0,97.0,92.0
Annual,"Group 3, category E - active substances candidates for substitution not classified as carcinogenic category 1A or 1B and/or toxic for reproduction category 1A or 1B and/or endocrine disruptors","Index, 2011-2013 average =100",European Union - 28 countries (2013-2020),102.0,98.0,100.0,103.0,106.0,109.0,102.0,105.0,91.0,:,:,:
Annual,"Group 3, category F - active substances candidates for substitution classified as carcinogenic category 1A or 1B and/or toxic for reproduction category 1A or 1B and/or endocrine disruptors, where exposure of humans is negligible","Index, 2011-2013 average =100","European Union (EU6-1958, EU9-1973, EU10-1981, EU12-1986, EU15-1995, EU25-2004, EU27-2007, EU28-2013, EU27-2020)",114.0,98.0,87.0,103.0,109.0,104.0,135.0,151.0,139.0,137.0,146.0,147.0
Annual,"Group 3, category F - active substances candidates for substitution classified as carcinogenic category 1A or 1B and/or toxic for reproduction category 1A or 1B and/or endocrine disruptors, where exposure of humans is negligible","Index, 2011-2013 average =100",European Union - 27 countries (from 2020),110.0,96.0,94.0,108.0,116.0,111.0,145.0,161.0,147.0,137.0,146.0,156.0
Annual,"Group 3, category F - active substances candidates for substitution classified as carcinogenic category 1A or 1B and/or toxic for reproduction category 1A or 1B and/or endocrine disruptors, where exposure of humans is negligible","Index, 2011-2013 average =100",European Union - 28 countries (2013-2020),114.0,98.0,87.0,103.0,109.0,104.0,135.0,151.0,139.0,:,:,:
Annual,Group 4 - non-approved active substances,"Index, 2011-2013 average =100","European Union (EU6-1958, EU9-1973, EU10-1981, EU12-1986, EU15-1995, EU25-2004, EU27-2007, EU28-2013, EU27-2020)",114.0,99.0,87.0,92.0,94.0,82.0,70.0,67.0,64.0,36.0,20.0,6.0
Annual,Group 4 - non-approved active substances,"Index, 2011-2013 average =100",European Union - 27 countries (from 2020),113.0,98.0,89.0,92.0,94.0,82.0,69.0,67.0,64.0,36.0,20.0,6.0
Annual,Group 4 - non-approved active substances,"Index, 2011-2013 average =100",European Union - 28 countries (2013-2020),114.0,99.0,87.0,92.0,94.0,82.0,70.0,67.0,64.0,:,:,:
Annual,"Group 4, category G - non-approved active substances","Index, 2011-2013 average =100","European Union (EU6-1958, EU9-1973, EU10-1981, EU12-1986, EU15-1995, EU25-2004, EU27-2007, EU28-2013, EU27-2020)",114.0,99.0,87.0,92.0,94.0,82.0,70.0,67.0,64.0,36.0,20.0,6.0
Annual,"Group 4, category G - non-approved active substances","Index, 2011-2013 average =100",European Union - 27 countries (from 2020),113.0,98.0,89.0,92.0,94.0,82.0,69.0,67.0,64.0,36.0,20.0,6.0
Annual,"Group 4, category G - non-approved active substances","Index, 2011-2013 average =100",European Union - 28 countries (2013-2020),114.0,99.0,87.0,92.0,94.0,82.0,70.0,67.0,64.0,:,:,:
Annual,Pesticides - harmonised risk indicator 1 (all active substances),"Index, 2011-2013 average =100",Austria,100.0,105.0,95.0,97.0,102.0,111.0,116.0,123.0,116.0,112.0,117.0,119.0
Annual,Pesticides - harmonised risk indicator 1 (all active substances),"Index, 2011-2013 average =100",Belgium,101.0,101.0,97.0,112.0,105.0,101.0,84.0,85.0,66.0,49.0,46.0,41.0
Annual,Pesticides - harmonised risk indicator 1 (all active substances),"Index, 2011-2013 average =100",Bulgaria,235.0,36.0,28.0,23.0,47.0,109.0,90.0,154.0,164.0,106.0,80.0,64.0
Annual,Pesticides - harmonised risk indicator 1 (all active substances),"Index, 2011-2013 average =100",Cyprus,107.0,97.0,95.0,91.0,91.0,92.0,92.0,89.0,92.0,79.0,71.0,62.0
Annual,Pesticides - harmonised risk indicator 1 (all active substances),"Index, 2011-2013 average =100",Czechia,116.0,96.0,88.0,85.0,93.0,84.0,71.0,73.0,65.0,45.0,35.0,42.0
Annual,Pesticides - harmonised risk indicator 1 (all active substances),"Index, 2011-2013 average =100",Germany,101.0,103.0,96.0,105.0,103.0,96.0,97.0,84.0,82.0,70.0,68.0,68.0
Annual,Pesticides - harmonised risk indicator 1 (all active substances),"Index, 2011-2013 average =100",Denmark,88.0,122.0,90.0,42.0,52.0,51.0,54.0,53.0,53.0,53.0,50.0,57.0
Annual,Pesticides - harmonised risk indicator 1 (all active substances),"Index, 2011-2013 average =100",Estonia,90.0,104.0,106.0,122.0,143.0,177.0,162.0,141.0,160.0,152.0,132.0,114.0
Annual,Pesticides - harmonised risk indicator 1 (all active substances),"Index, 2011-2013 average =100",Greece,86.0,89.0,125.0,54.0,58.0,61.0,61.0,63.0,60.0,51.0,43.0,37.0
Annual,Pesticides - harmonised risk indicator 1 (all active substances),"Index, 2011-2013 average =100",Spain,111.0,92.0,97.0,106.0,105.0,89.0,70.0,75.0,85.0,77.0,65.0,35.0
Annual,Pesticides - harmonised risk indicator 1 (all active substances),"Index, 2011-2013 average =100","European Union (EU6-1958, EU9-1973, EU10-1981, EU12-1986, EU15-1995, EU25-2004, EU27-2007, EU28-2013, EU27-2020)",109.0,99.0,93.0,98.0,99.0,93.0,86.0,85.0,79.0,68.0,61.0,50.0
Annual,Pesticides - harmonised risk indicator 1 (all active substances),"Index, 2011-2013 average =100",European Union - 27 countries (from 2020),108.0,98.0,94.0,98.0,99.0,94.0,86.0,86.0,80.0,68.0,61.0,50.0
Annual,Pesticides - harmonised risk indicator 1 (all active substances),"Index, 2011-2013 average =100",European Union - 28 countries (2013-2020),109.0,99.0,93.0,98.0,99.0,93.0,86.0,85.0,79.0,:,:,:
Annual,Pesticides - harmonised risk indicator 1 (all active substances),"Index, 2011-2013 average =100",Finland,97.0,100.0,103.0,107.0,121.0,130.0,125.0,136.0,111.0,130.0,109.0,88.0
Annual,Pesticides - harmonised risk indicator 1 (all active substances),"Index, 2011-2013 average =100",France,100.0,99.0,100.0,110.0,103.0,102.0,92.0,105.0,60.0,65.0,66.0,64.0
Annual,Pesticides - harmonised risk indicator 1 (all active substances),"Index, 2011-2013 average =100",Croatia,100.0,100.0,100.0,98.0,87.0,74.0,64.0,67.0,61.0,56.0,42.0,44.0
Annual,Pesticides - harmonised risk indicator 1 (all active substances),"Index, 2011-2013 average =100",Hungary,104.0,102.0,93.0,114.0,118.0,116.0,113.0,99.0,84.0,79.0,70.0,63.0
Annual,Pesticides - harmonised risk indicator 1 (all active substances),"Index, 2011-2013 average =100",Ireland,114.0,90.0,96.0,110.0,114.0,102.0,90.0,82.0,123.0,50.0,51.0,45.0
Annual,Pesticides - harmonised risk indicator 1 (all active substances),"Index, 2011-2013 average =100",Italy,114.0,101.0,84.0,90.0,101.0,98.0,95.0,89.0,82.0,66.0,56.0,46.0
Annual,Pesticides - harmonised risk indicator 1 (all active substances),"Index, 2011-2013 average =100",Lithuania,92.0,103.0,105.0,108.0,118.0,142.0,134.0,102.0,109.0,95.0,83.0,113.0
Annual,Pesticides - harmonised risk indicator 1 (all active substances),"Index, 2011-2013 average =100",Luxembourg,106.0,94.0,100.0,106.0,104.0,77.0,69.0,62.0,52.0,45.0,35.0,32.0
Annual,Pesticides - harmonised risk indicator 1 (all active substances),"Index, 2011-2013 average =100",Latvia,88.0,108.0,104.0,123.0,121.0,135.0,120.0,126.0,140.0,130.0,116.0,107.0
Annual,Pesticides - harmonised risk indicator 1 (all active substances),"Index, 2011-2013 average =100",Malta,89.0,101.0,110.0,94.0,115.0,77.0,87.0,78.0,68.0,78.0,68.0,63.0
Annual,Pesticides - harmonised risk indicator 1 (all active substances),"Index, 2011-2013 average =100",Netherlands,105.0,101.0,94.0,90.0,83.0,89.0,83.0,76.0,70.0,61.0,54.0,48.0
Annual,Pesticides - harmonised risk indicator 1 (all active substances),"Index, 2011-2013 average =100",Poland,107.0,97.0,96.0,103.0,108.0,105.0,101.0,93.0,107.0,71.0,64.0,52.0
Annual,Pesticides - harmonised risk indicator 1 (all active substances),"Index, 2011-2013 average =100",Portugal,112.0,103.0,85.0,107.0,89.0,102.0,80.0,67.0,71.0,61.0,60.0,54.0
Annual,Pesticides - harmonised risk indicator 1 (all active substances),"Index, 2011-2013 average =100",Romania,97.0,108.0,95.0,60.0,60.0,58.0,62.0,63.0,51.0,42.0,34.0,27.0
Annual,Pesticides - harmonised risk indicator 1 (all active substances),"Index, 2011-2013 average =100",Sweden,98.0,116.0,86.0,86.0,82.0,67.0,70.0,60.0,57.0,58.0,60.0,66.0
Annual,Pesticides - harmonised risk indicator 1 (all active substances),"Index, 2011-2013 average =100",Slovenia,107.0,106.0,87.0,95.0,97.0,103.0,94.0,99.0,73.0,68.0,64.0,58.0
Annual,Pesticides - harmonised risk indicator 1 (all active substances),"Index, 2011-2013 average =100",Slovakia,97.0,108.0,96.0,92.0,95.0,95.0,99.0,105.0,99.0,82.0,59.0,48.0
Annual,Pesticides - harmonised risk indicator 1 (all active substances),"Index, 2011-2013 average =100",United Kingdom,122.0,106.0,72.0,99.0,104.0,81.0,79.0,70.0,71.0,:,:,:
